{"name":"Milton Academy","x":-71.06995481869149,"y":42.257227602977615}